Workbook

Sheet 901
A1: Student ID | B1: Full Name | C1: Department | D1: HW #1 | E1: HW #2 | F1: HW #3 | G1: HW #4 | H1: HW #5
A2: 1903274 | B2: MEHMET EMİN BÜYÜKTAŞ | C2: MEKATRONİK MÜHENDİSLİĞİ
A3: 2200784 | B3: CAN OĞUZ | C3: MEKATRONİK MÜHENDİSLİĞİ
A4: 2202739 | B4: BURAK AKBAL | C4: MEKATRONİK MÜHENDİSLİĞİ
A5: 2250387 | B5: MOHAMAD ALNAYEF | C5: MEKATRONİK MÜHENDİSLİĞİ
A6: 2363982 | B6: HALİT EGE TAŞTAN | C6: MEKATRONİK MÜHENDİSLİĞİ
A7: 2364521 | B7: EFE DEMİREL | C7: MEKATRONİK MÜHENDİSLİĞİ
A8: 2364697 | B8: MUSTAFA YILDIZ | C8: MEKATRONİK MÜHENDİSLİĞİ
A9: 2364712 | B9: CAN AZİZOĞLU | C9: MEKATRONİK MÜHENDİSLİĞİ
A10: 2364766 | B10: ÖZGÜR ZEKA | C10: MEKATRONİK MÜHENDİSLİĞİ
A11: 2364995 | B11: KEREM BAYDAR | C11: MEKATRONİK MÜHENDİSLİĞİ
A12: 2365347 | B12: AHMET ERDOĞAN | C12: MEKATRONİK MÜHENDİSLİĞİ
A13: 2366232 | B13: ABDULLAH ENFAL ŞALLI | C13: MEKATRONİK MÜHENDİSLİĞİ
... A47: 2599868 | B47: HÜSEYİN EMRE ERBAKAN | C47: MEKATRONİK MÜHENDİSLİĞİ

Sheet 902
A1: Student ID | B1: Full Name | C1: Department | D1: HW #1 | E1: HW #2 | F1: HW #3 | G1: HW #4 | H1: HW #5
A2: 2003743 | B2: YİĞİT BOSTANCI | C2: MEKATRONİK MÜHENDİSLİĞİ
A3: 2100421 | B3: AZİZ CELAL ÜSTEL | C3: MEKATRONİK MÜHENDİSLİĞİ
A4: 2101613 | B4: ŞURA GÜLDÜR | C4: MEKATRONİK MÜHENDİSLİĞİ
A5: 2101812 | B5: MEHMET BOYDAK | C5: MEKATRONİK MÜHENDİSLİĞİ
A6: 2104775 | B6: BURAK KAHRAMAN | C6: MEKATRONİK MÜHENDİSLİĞİ
A7: 2106789 | B7: YOUSSEF SAID TAHA | C7: MEKATRONİK MÜHENDİSLİĞİ
A8: 2106808 | B8: BADER EL-LOULOU | C8: MEKATRONİK MÜHENDİSLİĞİ
A9: 2200601 | B9: TALHA KAAN ÇİL | C9: MEKATRONİK MÜHENDİSLİĞİ YANDAL
A10: 2202877 | B10: DEFNE DOĞAN | C10: MEKATRONİK MÜHENDİSLİĞİ YANDAL
A11: 2252125 | B11: MUİN AĞA | C11: MEKATRONİK MÜHENDİSLİĞİ
A12: 2252127 | B12: HASAN ALJUBOORİ | C12: MEKATRONİK MÜHENDİSLİĞİ
A13: 2282610 | B13: YOUSEF AL AHMAD | C13: MEKATRONİK MÜHENDİSLİĞİ
... A36: 2616909 | B36: TOYGUN SATILUŞAĞI | C36: MEKATRONİK MÜHENDİSLİĞİ

Sheet All Sections
A1: Student ID | B1: Full Name | C1: Section | D1: Department | E1: HW #1 | F1: HW #2 | G1: HW #3 | H1: HW #4 | I1: HW #5
A2: 1903274 | B2: MEHMET EMİN BÜYÜKTAŞ | C2: 901 | D2: MEKATRONİK MÜHENDİSLİĞİ
A3: 2200784 | B3: CAN OĞUZ | C3: 901 | D3: MEKATRONİK MÜHENDİSLİĞİ | G3: =IF('901'!F3="", "", '901'!F3) | H3: =IF('901'!G3="", "", '901'!G3) | I3: =IF('901'!H3="", "", '901'!H3)
A4: 2202739 | B4: BURAK AKBAL | C4: 901 | D4: MEKATRONİK MÜHENDİSLİĞİ | G4: =IF('901'!F4="", "", '901'!F4) | H4: =IF('901'!G4="", "", '901'!G4) | I4: =IF('901'!H4="", "", '901'!H4)
A5: 2250387 | B5: MOHAMAD ALNAYEF | C5: 901 | D5: MEKATRONİK MÜHENDİSLİĞİ | G5: =IF('901'!F5="", "", '901'!F5) | H5: =IF('901'!G5="", "", '901'!G5) | I5: =IF('901'!H5="", "", '901'!H5)
A6: 2363982 | B6: HALİT EGE TAŞTAN | C6: 901 | D6: MEKATRONİK MÜHENDİSLİĞİ | G6: =IF('901'!F6="", "", '901'!F6) | H6: =IF('901'!G6="", "", '901'!G6) | I6: =IF('901'!H6="", "", '901'!H6)
A7: 2364521 | B7: EFE DEMİREL | C7: 901 | D7: MEKATRONİK MÜHENDİSLİĞİ | G7: =IF('901'!F7="", "", '901'!F7) | H7: =IF('901'!G7="", "", '901'!G7) | I7: =IF('901'!H7="", "", '901'!H7)
A8: 2364697 | B8: MUSTAFA YILDIZ | C8: 901 | D8: MEKATRONİK MÜHENDİSLİĞİ | G8: =IF('901'!F8="", "", '901'!F8) | H8: =IF('901'!G8="", "", '901'!G8) | I8: =IF('901'!H8="", "", '901'!H8)
A9: 2364712 | B9: CAN AZİZOĞLU | C9: 901 | D9: MEKATRONİK MÜHENDİSLİĞİ | G9: =IF('901'!F9="", "", '901'!F9) | H9: =IF('901'!G9="", "", '901'!G9) | I9: =IF('901'!H9="", "", '901'!H9)
A10: 2364766 | B10: ÖZGÜR ZEKA | C10: 901 | D10: MEKATRONİK MÜHENDİSLİĞİ | G10: =IF('901'!F10="", "", '901'!F10) | H10: =IF('901'!G10="", "", '901'!G10) | I10: =IF('901'!H10="", "", '901'!H10)
A11: 2364995 | B11: KEREM BAYDAR | C11: 901 | D11: MEKATRONİK MÜHENDİSLİĞİ | G11: =IF('901'!F11="", "", '901'!F11) | H11: =IF('901'!G11="", "", '901'!G11) | I11: =IF('901'!H11="", "", '901'!H11)
A12: 2365347 | B12: AHMET ERDOĞAN | C12: 901 | D12: MEKATRONİK MÜHENDİSLİĞİ | G12: =IF('901'!F12="", "", '901'!F12) | H12: =IF('901'!G12="", "", '901'!G12) | I12: =IF('901'!H12="", "", '901'!H12)
A13: 2366232 | B13: ABDULLAH ENFAL ŞALLI | C13: 901 | D13: MEKATRONİK MÜHENDİSLİĞİ | G13: =IF('901'!F13="", "", '901'!F13) | H13: =IF('901'!G13="", "", '901'!G13) | I13: =IF('901'!H13="", "", '901'!H13)
A14: 2366349 | B14: BURAK GÜMÜŞSOY | C14: 901 | D14: MEKATRONİK MÜHENDİSLİĞİ | G14: =IF('901'!F14="", "", '901'!F14) | H14: =IF('901'!G14="", "", '901'!G14) | I14: =IF('901'!H14="", "", '901'!H14)
... A82: 2616909 | B82: TOYGUN SATILUŞAĞI | C82: 902 | D82: MEKATRONİK MÜHENDİSLİĞİ | G82: =IF('901'!F82="", "", '901'!F82) | H82: =IF('901'!G82="", "", '901'!G82) | I82: =IF('901'!H82="", "", '901'!H82)
